{
"lengthUnit": "mil",
"components": {
	"fields": ["COMPONENT_NO", "COMPONENT_NAME", "LAYER", "X_COORDINATE", "Y_COORDINATE", "ANGLE"],
	"rows": [
		[1, "C1", "T", 690, -720, 180],
		[2, "C2", "T", 695, -555, 0],
		[3, "C3", "T", 870, -555, 0],
		[4, "C4", "T", 880, -720, 180],
		[5, "DC1", "T", 285, -680, 180],
		[6, "LED2", "T", 3325, -2320, 0],
		[7, "Q1", "T", 3325, -1710, 0],
		[8, "R1", "T", 2750, -970, 0],
		[9, "R2", "T", 1690, -1345, 90],
		[10, "R3", "T", 1108.26, -1559.21, 0],
		[11, "R5", "T", 1558.45, -1553.56, 0],
		[12, "U1", "T", 780, -285, 0],
		[13, "U2", "T", 385, -1940, 90],
		[14, "U3", "T", 3325, -960, 0],
		[15, "U4", "T", 2015, -1550, 90],
		[16, "PAD1", "T", 920, -1090, 0],
		[17, "PAD2", "B", 270, -1095, 0]
	]
},
"pins": {
	"fields": ["PIN_NO", "PIN_NAME", "PIN_X", "PIN_Y", "LAYER", "PIN_TYPE", "NET_NAME", "NET_TYPE", "PAD_SHAPE", "PAD_SIZEX", "PAD_SIZEY", "HOLE_SIZE", "PAD_ANGLE"],
	"rows": [
		[1, "C1_1", 717.56, -720, "T", "SMD", "GND", "GND", "R", 31.5, 35.43, 0, 180],
		[2, "C1_2", 662.44, -720, "T", "SMD", "10-30V", "", "R", 31.5, 35.43, 0, 180],
		[3, "C2_1", 667.44, -555, "T", "SMD", "10-30V", "", "R", 31.5, 35.43, 0, 0],
		[4, "C2_2", 722.56, -555, "T", "SMD", "GND", "GND", "R", 31.5, 35.43, 0, 0],
		[5, "C3_1", 842.44, -555, "T", "SMD", "GND", "GND", "R", 31.5, 35.43, 0, 0],
		[6, "C3_2", 897.56, -555, "T", "SMD", "$1N363", "", "R", 31.5, 35.43, 0, 0],
		[7, "C4_1", 907.56, -720, "T", "SMD", "$1N363", "", "R", 31.5, 35.43, 0, 180],
		[8, "C4_2", 852.44, -720, "T", "SMD", "GND", "GND", "R", 31.5, 35.43, 0, 180],
		[9, "DC1_1", 403.11, -587.48, "T", "DIP", "10-30V", "", "O", 78.74, 177.16, 137.8, 0],
		[10, "DC1_1", 403.11, -587.48, "B", "DIP", "10-30V", "", "O", 78.74, 177.16, 137.8, 0],
		[11, "DC1_2", 166.89, -587.48, "T", "DIP", "GND", "GND", "O", 70.87, 157.48, 118.11, 180],
		[12, "DC1_2", 166.89, -587.48, "B", "DIP", "GND", "GND", "O", 70.87, 157.48, 118.11, 180],
		[13, "DC1_3", 285, -772.52, "T", "DIP", "GND", "GND", "O", 70.87, 157.48, 118.11, 270],
		[14, "DC1_3", 285, -772.52, "B", "DIP", "GND", "GND", "O", 70.87, 157.48, 118.11, 270],
		[15, "LED2_1", 3275, -2320, "T", "DIP", "$1N1667", "", "C", 60, 60, 36, 0],
		[16, "LED2_1", 3275, -2320, "B", "DIP", "$1N1667", "", "C", 60, 60, 36, 0],
		[17, "LED2_2", 3375, -2320, "T", "DIP", "GND", "GND", "C", 60, 60, 36, 0],
		[18, "LED2_2", 3375, -2320, "B", "DIP", "GND", "GND", "C", 60, 60, 36, 0],
		[19, "Q1_1", 3275, -1685, "T", "DIP", "GND", "GND", "C", 51.18, 51.18, 31.5, 0],
		[20, "Q1_1", 3275, -1685, "B", "DIP", "GND", "GND", "C", 51.18, 51.18, 31.5, 0],
		[21, "Q1_2", 3325, -1735, "T", "DIP", "Q1_2", "", "C", 51.18, 51.18, 31.5, 90],
		[22, "Q1_2", 3325, -1735, "B", "DIP", "Q1_2", "", "C", 51.18, 51.18, 31.5, 90],
		[23, "Q1_3", 3375, -1685, "T", "DIP", "$1N1009", "", "C", 51.18, 51.18, 31.5, 0],
		[24, "Q1_3", 3375, -1685, "B", "DIP", "$1N1009", "", "C", 51.18, 51.18, 31.5, 0],
		[25, "R1_1", 2720.34, -970, "T", "SMD", "$1N363", "", "R", 31.75, 34.02, 0, 0],
		[26, "R1_2", 2779.66, -970, "T", "SMD", "$1N686", "", "R", 31.75, 34.02, 0, 0],
		[27, "R2_1", 1690, -1374.66, "T", "SMD", "$1N1009", "", "R", 31.75, 34.02, 0, 90],
		[28, "R2_2", 1690, -1315.34, "T", "SMD", "$1N363", "", "R", 31.75, 34.02, 0, 90],
		[29, "R3_1", 1078.6, -1559.21, "T", "SMD", "$1N1658", "", "R", 31.75, 34.02, 0, 0],
		[30, "R3_2", 1137.92, -1559.21, "T", "SMD", "$1N1667", "", "R", 31.75, 34.02, 0, 0],
		[31, "R5_1", 1528.79, -1553.56, "T", "SMD", "$1N2295", "", "R", 31.75, 34.02, 0, 0],
		[32, "R5_2", 1588.11, -1553.56, "T", "SMD", "$1N2292", "", "R", 31.75, 34.02, 0, 0],
		[33, "U1_1", 680, -284.8, "T", "DIP", "10-30V", "", "R", 70.87, 102.36, 47.24, 0],
		[34, "U1_1", 680, -284.8, "B", "DIP", "10-30V", "", "R", 70.87, 102.36, 47.24, 0],
		[35, "U1_2", 780, -284.8, "T", "DIP", "GND", "GND", "O", 70.87, 102.36, 47.24, 0],
		[36, "U1_2", 780, -284.8, "B", "DIP", "GND", "GND", "O", 70.87, 102.36, 47.24, 0],
		[37, "U1_3", 880, -285.19, "T", "DIP", "$1N363", "", "O", 70.87, 102.36, 47.24, 0],
		[38, "U1_3", 880, -285.19, "B", "DIP", "$1N363", "", "O", 70.87, 102.36, 47.24, 0],
		[39, "U2_1", 65, -2310, "T", "SMD", "U2_1", "", "R", 100, 60, 0, 90],
		[40, "U2_2", 165, -2310, "T", "SMD", "U2_2", "", "R", 100, 60, 0, 90],
		[41, "U2_3", 265, -2310, "T", "SMD", "U2_3", "", "R", 100, 60, 0, 90],
		[42, "U2_4", 365, -2310, "T", "SMD", "U2_4", "", "R", 100, 60, 0, 90],
		[43, "U2_5", 465, -2310, "T", "SMD", "U2_5", "", "R", 100, 60, 0, 90],
		[44, "U2_6", 565, -2310, "T", "SMD", "U2_6", "", "R", 100, 60, 0, 90],
		[45, "U2_7", 665, -2310, "T", "SMD", "U2_7", "", "R", 100, 60, 0, 90],
		[46, "U2_8", 765, -2310, "T", "SMD", "U2_8", "", "R", 100, 60, 0, 90],
		[47, "U2_9", 765, -1570, "T", "SMD", "$1N1658", "", "R", 100, 60, 0, 90],
		[48, "U2_10", 665, -1570, "T", "SMD", "U2_10", "", "R", 100, 60, 0, 90],
		[49, "U2_11", 565, -1570, "T", "SMD", "$1N2295", "", "R", 100, 60, 0, 90],
		[50, "U2_12", 465, -1570, "T", "SMD", "U2_12", "", "R", 100, 60, 0, 90],
		[51, "U2_13", 365, -1570, "T", "SMD", "$1N1009", "", "R", 100, 60, 0, 90],
		[52, "U2_14", 265, -1570, "T", "SMD", "U2_14", "", "R", 100, 60, 0, 90],
		[53, "U2_15", 165, -1570, "T", "SMD", "GND", "GND", "R", 100, 60, 0, 90],
		[54, "U2_16", 65, -1570, "T", "SMD", "$1N363", "", "R", 100, 60, 0, 90],
		[55, "U3_1", 3375, -960, "T", "DIP", "$1N777", "", "C", 62.99, 62.99, 39.37, 0],
		[56, "U3_1", 3375, -960, "B", "DIP", "$1N777", "", "C", 62.99, 62.99, 39.37, 0],
		[57, "U3_2", 3275, -960, "T", "DIP", "$1N686", "", "R", 62.99, 62.99, 39.37, 0],
		[58, "U3_2", 3275, -960, "B", "DIP", "$1N686", "", "R", 62.99, 62.99, 39.37, 0],
		[59, "U4_1", 2040, -1500, "T", "DIP", "GND", "GND", "C", 51.18, 51.18, 31.5, 270],
		[60, "U4_1", 2040, -1500, "B", "DIP", "GND", "GND", "C", 51.18, 51.18, 31.5, 270],
		[61, "U4_2", 1990, -1550, "T", "DIP", "$1N2292", "", "C", 51.18, 51.18, 31.5, 360],
		[62, "U4_2", 1990, -1550, "B", "DIP", "$1N2292", "", "C", 51.18, 51.18, 31.5, 360],
		[63, "U4_3", 2040, -1600, "T", "DIP", "$1N777", "", "C", 51.18, 51.18, 31.5, 270],
		[64, "U4_3", 2040, -1600, "B", "DIP", "$1N777", "", "C", 51.18, 51.18, 31.5, 270],
		[65, "PAD1_1", 920, -1090, "T", "SMD", "$1N363", "", "R", 200, 200, 0, 0],
		[66, "PAD2_1", 270, -1095, "B", "SMD", "GND", "GND", "R", 200, 200, 0, 0]
	]
}
}