{
"lengthUnit": "mil",
"components": {
	"fields": ["COMPONENT_NO", "COMPONENT_NAME", "LAYER", "X_COORDINATE", "Y_COORDINATE", "ANGLE"],
	"rows": [
		[1, "C1", "T", 630, -485, 180],
		[2, "C2", "T", 630, -410, 0],
		[3, "C3", "T", 770, -410, 0],
		[4, "C4", "T", 770, -485, 180],
		[5, "DC1", "T", 285, -430, 180],
		[6, "LED2", "T", 1195, -1350, 0],
		[7, "Q1", "T", 1570, -1150, 0],
		[8, "R1", "T", 1285, -405, 270],
		[9, "R2", "T", 1160, -400, 90],
		[10, "R3", "T", 1023.26, -644.21, 0],
		[11, "R5", "T", 1028.45, -558.56, 0],
		[12, "U1", "T", 715, -240, 0],
		[13, "U2", "T", 385, -1050, 90],
		[14, "U3", "T", 1570, -625, 0],
		[15, "U4", "T", 1220, -920, 90],
		[16, "PAD1", "T", 1100, -215, 0],
		[17, "PAD1", "B", 1100, -215, 0]
	]
},
"pins": {
	"fields": ["PIN_NO", "PIN_NAME", "PIN_X", "PIN_Y", "LAYER", "PIN_TYPE", "NET_NAME", "NET_TYPE", "PAD_SHAPE", "PAD_SIZEX", "PAD_SIZEY", "HOLE_SIZE", "PAD_ANGLE"],
	"rows": [
		[1, "C1_1", 657.56, -485, "T", "SMD", "GND", "GND", "R", 31.5, 35.43, 0, 180],
		[2, "C1_2", 602.44, -485, "T", "SMD", "10-30V", "", "R", 31.5, 35.43, 0, 180],
		[3, "C2_1", 602.44, -410, "T", "SMD", "10-30V", "", "R", 31.5, 35.43, 0, 0],
		[4, "C2_2", 657.56, -410, "T", "SMD", "GND", "GND", "R", 31.5, 35.43, 0, 0],
		[5, "C3_1", 742.44, -410, "T", "SMD", "GND", "GND", "R", 31.5, 35.43, 0, 0],
		[6, "C3_2", 797.56, -410, "T", "SMD", "$1N363", "", "R", 31.5, 35.43, 0, 0],
		[7, "C4_1", 797.56, -485, "T", "SMD", "$1N363", "", "R", 31.5, 35.43, 0, 180],
		[8, "C4_2", 742.44, -485, "T", "SMD", "GND", "GND", "R", 31.5, 35.43, 0, 180],
		[9, "DC1_1", 403.11, -337.48, "T", "DIP", "10-30V", "", "O", 78.74, 177.16, 137.8, 0],
		[10, "DC1_1", 403.11, -337.48, "B", "DIP", "10-30V", "", "O", 78.74, 177.16, 137.8, 0],
		[11, "DC1_2", 166.89, -337.48, "T", "DIP", "GND", "GND", "O", 70.87, 157.48, 118.11, 180],
		[12, "DC1_2", 166.89, -337.48, "B", "DIP", "GND", "GND", "O", 70.87, 157.48, 118.11, 180],
		[13, "DC1_3", 285, -522.52, "T", "DIP", "GND", "GND", "O", 70.87, 157.48, 118.11, 270],
		[14, "DC1_3", 285, -522.52, "B", "DIP", "GND", "GND", "O", 70.87, 157.48, 118.11, 270],
		[15, "LED2_1", 1145, -1350, "T", "DIP", "$1N1667", "", "C", 60, 60, 36, 0],
		[16, "LED2_1", 1145, -1350, "B", "DIP", "$1N1667", "", "C", 60, 60, 36, 0],
		[17, "LED2_2", 1245, -1350, "T", "DIP", "GND", "GND", "C", 60, 60, 36, 0],
		[18, "LED2_2", 1245, -1350, "B", "DIP", "GND", "GND", "C", 60, 60, 36, 0],
		[19, "Q1_1", 1520, -1125, "T", "DIP", "GND", "GND", "C", 51.18, 51.18, 31.5, 0],
		[20, "Q1_1", 1520, -1125, "B", "DIP", "GND", "GND", "C", 51.18, 51.18, 31.5, 0],
		[21, "Q1_2", 1570, -1175, "T", "DIP", "Q1_2", "", "C", 51.18, 51.18, 31.5, 90],
		[22, "Q1_2", 1570, -1175, "B", "DIP", "Q1_2", "", "C", 51.18, 51.18, 31.5, 90],
		[23, "Q1_3", 1620, -1125, "T", "DIP", "$1N1009", "", "C", 51.18, 51.18, 31.5, 0],
		[24, "Q1_3", 1620, -1125, "B", "DIP", "$1N1009", "", "C", 51.18, 51.18, 31.5, 0],
		[25, "R1_1", 1285, -375.34, "T", "SMD", "$1N363", "", "R", 31.75, 34.02, 0, 270],
		[26, "R1_2", 1285, -434.66, "T", "SMD", "$1N686", "", "R", 31.75, 34.02, 0, 270],
		[27, "R2_1", 1160, -429.66, "T", "SMD", "$1N1009", "", "R", 31.75, 34.02, 0, 90],
		[28, "R2_2", 1160, -370.34, "T", "SMD", "$1N363", "", "R", 31.75, 34.02, 0, 90],
		[29, "R3_1", 993.6, -644.21, "T", "SMD", "$1N1658", "", "R", 31.75, 34.02, 0, 0],
		[30, "R3_2", 1052.92, -644.21, "T", "SMD", "$1N1667", "", "R", 31.75, 34.02, 0, 0],
		[31, "R5_1", 998.79, -558.56, "T", "SMD", "$1N2295", "", "R", 31.75, 34.02, 0, 0],
		[32, "R5_2", 1058.11, -558.56, "T", "SMD", "$1N2292", "", "R", 31.75, 34.02, 0, 0],
		[33, "U1_1", 615, -239.81, "T", "DIP", "10-30V", "", "R", 70.87, 102.36, 47.24, 0],
		[34, "U1_1", 615, -239.81, "B", "DIP", "10-30V", "", "R", 70.87, 102.36, 47.24, 0],
		[35, "U1_2", 715, -239.81, "T", "DIP", "GND", "GND", "O", 70.87, 102.36, 47.24, 0],
		[36, "U1_2", 715, -239.81, "B", "DIP", "GND", "GND", "O", 70.87, 102.36, 47.24, 0],
		[37, "U1_3", 815, -240.19, "T", "DIP", "$1N363", "", "O", 70.87, 102.36, 47.24, 0],
		[38, "U1_3", 815, -240.19, "B", "DIP", "$1N363", "", "O", 70.87, 102.36, 47.24, 0],
		[39, "U2_1", 65, -1420, "T", "SMD", "U2_1", "", "R", 100, 60, 0, 90],
		[40, "U2_2", 165, -1420, "T", "SMD", "U2_2", "", "R", 100, 60, 0, 90],
		[41, "U2_3", 265, -1420, "T", "SMD", "U2_3", "", "R", 100, 60, 0, 90],
		[42, "U2_4", 365, -1420, "T", "SMD", "U2_4", "", "R", 100, 60, 0, 90],
		[43, "U2_5", 465, -1420, "T", "SMD", "U2_5", "", "R", 100, 60, 0, 90],
		[44, "U2_6", 565, -1420, "T", "SMD", "U2_6", "", "R", 100, 60, 0, 90],
		[45, "U2_7", 665, -1420, "T", "SMD", "U2_7", "", "R", 100, 60, 0, 90],
		[46, "U2_8", 765, -1420, "T", "SMD", "U2_8", "", "R", 100, 60, 0, 90],
		[47, "U2_9", 765, -680, "T", "SMD", "$1N1658", "", "R", 100, 60, 0, 90],
		[48, "U2_10", 665, -680, "T", "SMD", "U2_10", "", "R", 100, 60, 0, 90],
		[49, "U2_11", 565, -680, "T", "SMD", "$1N2295", "", "R", 100, 60, 0, 90],
		[50, "U2_12", 465, -680, "T", "SMD", "U2_12", "", "R", 100, 60, 0, 90],
		[51, "U2_13", 365, -680, "T", "SMD", "$1N1009", "", "R", 100, 60, 0, 90],
		[52, "U2_14", 265, -680, "T", "SMD", "U2_14", "", "R", 100, 60, 0, 90],
		[53, "U2_15", 165, -680, "T", "SMD", "GND", "GND", "R", 100, 60, 0, 90],
		[54, "U2_16", 65, -680, "T", "SMD", "U2_16", "", "R", 100, 60, 0, 90],
		[55, "U3_1", 1620, -625, "T", "DIP", "$1N777", "", "C", 62.99, 62.99, 39.37, 0],
		[56, "U3_1", 1620, -625, "B", "DIP", "$1N777", "", "C", 62.99, 62.99, 39.37, 0],
		[57, "U3_2", 1520, -625, "T", "DIP", "$1N686", "", "R", 62.99, 62.99, 39.37, 0],
		[58, "U3_2", 1520, -625, "B", "DIP", "$1N686", "", "R", 62.99, 62.99, 39.37, 0],
		[59, "U4_1", 1245, -870, "T", "DIP", "GND", "GND", "C", 51.18, 51.18, 31.5, 270],
		[60, "U4_1", 1245, -870, "B", "DIP", "GND", "GND", "C", 51.18, 51.18, 31.5, 270],
		[61, "U4_2", 1195, -920, "T", "DIP", "$1N2292", "", "C", 51.18, 51.18, 31.5, 0],
		[62, "U4_2", 1195, -920, "B", "DIP", "$1N2292", "", "C", 51.18, 51.18, 31.5, 0],
		[63, "U4_3", 1245, -970, "T", "DIP", "$1N777", "", "C", 51.18, 51.18, 31.5, 270],
		[64, "U4_3", 1245, -970, "B", "DIP", "$1N777", "", "C", 51.18, 51.18, 31.5, 270],
		[65, "PAD1_1", 1100, -215, "T", "DIP", "$1N363", "", "C", 60, 60, 59.06, 0],
		[66, "PAD1_1", 1100, -215, "B", "DIP", "$1N363", "", "C", 60, 60, 59.06, 0]
	]
}
}